icao24,callsign,origin_country,time_position,last_contact,lon,lat,alt,on_ground,velocity,heading,vertical_rate,sensors,alt.1,squawk,spi,position_source
010154,MSR959  ,Egypt,1775071754.0,1775071754,88.0683,22.7016,9144.0,False,226.92,274.03,0.0,,9585.96,2466.0,False,0
040066,ETH607  ,Ethiopia,1775071754.0,1775071754,99.7098,14.1494,9364.98,False,255.05,253.36,6.5,,9913.62,,False,0
040125,ETH688  ,Ethiopia,1775071753.0,1775071753,77.0348,28.5573,457.2,False,76.74,103.57,-4.23,,403.86,,False,0
04018f,ETH609  ,Ethiopia,1775073923.0,1775073930,99.5536,13.6922,6431.28,False,241.03,259.05,7.15,,6819.9,,False,0
04c045,KQA202  ,Kenya,1775071751.0,1775071751,72.6964,18.8445,4152.9,False,156.49,79.39,-8.78,,4335.78,,False,0
05a054,DQA502  ,Maldives,1775074026.0,1775074026,75.9389,7.3203,10058.4,False,248.58,38.53,0.0,,10622.28,,False,0
05a054,DQA502  ,Maldives,1775074079.0,1775074080,76.0142,7.4145,10058.4,False,248.18,38.6,0.0,,10622.28,,False,0
05a0af,,Maldives,1775073926.0,1775073931,96.7107,22.87,11582.4,False,204.64,263.21,0.0,,12184.38,,False,0
06a052,QTR22X  ,Qatar,1775071754.0,1775071754,76.3449,10.173,8839.2,False,264.02,129.15,0.0,,9311.64,,False,0
06a070,QTR90C  ,Qatar,1775071751.0,1775071752,74.724,16.8091,10058.4,False,268.78,122.02,0.0,,10584.18,,False,0
06a0fe,QTR2V   ,Qatar,1775071754.0,1775071754,85.4859,22.992,10965.18,False,300.45,89.51,-4.88,,11468.1,2137.0,False,0
06a103,QTR16K  ,Qatar,1775071754.0,1775071754,75.2217,28.2573,7231.38,False,217.77,92.17,-13.98,,7505.7,,False,0
06a124,QTR572  ,Qatar,1775074026.0,1775074026,76.6284,13.5104,4937.76,False,188.99,118.45,-5.53,,5135.88,,False,0
06a124,QTR572  ,Qatar,1775074080.0,1775074080,76.7037,13.4707,4701.54,False,157.21,118.33,-0.98,,4876.8,,False,0
06a12e,QTR93W  ,Qatar,1775074025.0,1775074025,70.9941,19.0112,10469.88,False,286.12,93.71,-7.8,,10949.94,,False,0
06a12e,QTR93W  ,Qatar,1775074079.0,1775074079,71.1389,19.0025,9921.24,False,282.49,93.65,-10.4,,10370.82,,False,0
06a140,QTR8036 ,Qatar,1775074025.0,1775074025,79.26,12.9181,4495.8,False,199.84,92.8,-7.48,,4671.06,,False,0
06a140,QTR8036 ,Qatar,1775074079.0,1775074079,79.3588,12.9126,4061.46,False,194.28,93.34,-7.48,,4221.48,,False,0
06a1e6,QTR8047 ,Qatar,1775071741.0,1775071741,88.7657,16.3571,9753.6,False,238.69,284.1,0.0,,10302.24,,False,0
06a2fc,QTR6N   ,Qatar,1775074026.0,1775074026,77.489,13.2264,10668.0,False,267.44,94.86,-0.33,,11262.36,,False,0
06a2fc,QTR6N   ,Qatar,1775074080.0,1775074080,77.6213,13.2154,10660.38,False,266.42,94.87,-0.33,,11254.74,,False,0
151d48,AZV2937 ,Russian Federation,1775073967.0,1775074022,74.9016,31.0401,10668.0,False,238.72,136.57,-0.33,,10965.18,,False,0
151d76,AZV2528 ,Russian Federation,1775071754.0,1775071754,97.9059,14.6319,9753.6,False,12.44,7.13,0.0,,8793.48,,False,0
151d76,AZV2528 ,Russian Federation,1775074025.0,1775074025,91.2255,19.4812,9753.6,False,224.3,307.26,-0.33,,10233.66,5522.0,False,0
151d76,AZV2528 ,Russian Federation,1775074064.0,1775074078,91.1606,19.5282,9753.6,False,223.89,307.34,0.0,,10233.66,5522.0,False,0
3474cd,WFL8621 ,Spain,1775074024.0,1775074025,73.5126,27.8884,11887.2,False,254.05,117.76,0.0,,12260.58,,False,0
3474cd,WFL8621 ,Spain,1775074078.0,1775074079,73.6332,27.8319,11887.2,False,252.92,118.02,-0.33,,12260.58,,False,0
3949ee,AFR182  ,France,1775071726.0,1775071728,78.1844,25.6656,10660.38,False,258.09,118.71,0.0,,11125.2,,False,0
3965aa,AFR257  ,France,1775071754.0,1775071754,77.8716,27.6655,9753.6,False,239.04,307.83,0.0,,10134.6,113.0,False,0
3965aa,AFR257  ,France,1775073842.0,1775073842,73.7198,30.3957,9753.6,False,245.02,305.86,0.0,,10066.02,113.0,False,0
3965b3,AFR283  ,France,1775074025.0,1775074025,75.3671,29.3506,9753.6,False,243.64,306.85,0.0,,10096.5,,False,0
3965b3,AFR283  ,France,1775074079.0,1775074079,75.2575,29.4206,9753.6,False,244.49,306.1,0.0,,10096.5,,False,0
39d2b1,AFR196  ,France,1775074071.0,1775074071,74.3401,31.3885,11887.2,False,269.26,104.38,0.0,,12176.76,,False,0
3c4ada,DLH781  ,Germany,1775071754.0,1775071754,84.8002,21.0418,9753.6,False,230.54,309.66,0.0,,10210.8,2244.0,False,0
3c64f4,DLH756  ,Germany,1775071754.0,1775071754,73.0104,19.0907,754.38,False,99.81,269.41,-5.53,,716.28,,False,0
3c6707,DLH773  ,Germany,1775071754.0,1775071754,81.044,26.6588,11582.4,False,223.06,306.84,0.0,,12024.36,707.0,False,0
3c6707,DLH773  ,Germany,1775074025.0,1775074026,76.567,28.7313,11582.4,False,223.3,300.76,0.0,,11948.16,707.0,False,0
3c6707,DLH773  ,Germany,1775074079.0,1775074080,76.4611,28.7865,11582.4,False,223.93,300.51,0.0,,11948.16,707.0,False,0
3c7a43,CFG2367 ,Germany,1775071753.0,1775071754,77.7321,27.7619,10972.8,False,224.74,307.84,0.33,,11376.66,,False,0
3c7a43,CFG2367 ,Germany,1775073797.0,1775073797,73.9044,30.2802,10972.8,False,227.73,305.81,0.0,,11308.08,,False,0
4007f0,BAW2230 ,United Kingdom,1775071754.0,1775071754,78.1441,27.4761,10363.2,False,233.81,308.03,0.0,,10751.82,6113.0,False,0
4007f0,BAW2230 ,United Kingdom,1775073520.0,1775073894,74.771,29.7328,10363.2,False,238.93,306.15,0.0,,10706.1,6113.0,False,0
40621c,BAW12   ,United Kingdom,1775071729.0,1775071729,83.598,23.5938,9753.6,False,235.91,312.7,0.0,,10203.18,2271.0,False,0
40621c,BAW12   ,United Kingdom,1775074025.0,1775074025,79.3895,26.5957,9753.6,False,240.14,308.56,0.0,,10142.22,,False,0
40621c,BAW12   ,United Kingdom,1775074079.0,1775074079,79.2875,26.6688,9753.6,False,240.14,308.56,0.0,,10142.22,,False,0
406d78,BAW16   ,United Kingdom,1775071754.0,1775071754,80.1678,26.2908,10972.8,False,230.1,308.92,-0.33,,11414.76,134.0,False,0
406d78,BAW16   ,United Kingdom,1775074026.0,1775074026,75.8554,29.0652,10972.8,False,234.57,303.55,-0.33,,11346.18,134.0,False,0
406d78,BAW16   ,United Kingdom,1775074080.0,1775074080,75.7474,29.128,10972.8,False,234.71,303.38,0.33,,11346.18,134.0,False,0
406d7b,BAW34   ,United Kingdom,1775071754.0,1775071754,76.8445,26.3207,10965.18,False,225.78,298.14,0.0,,11407.14,,False,0
4074e4,BAW35   ,United Kingdom,1775074025.0,1775074025,68.7927,18.6498,12489.18,False,269.96,118.08,-0.33,,13037.82,,False,0
4074e4,BAW35   ,United Kingdom,1775074079.0,1775074079,68.9131,18.5884,12489.18,False,267.42,117.99,0.0,,13037.82,,False,0
44007c,AUA8    ,Austria,1775071746.0,1775071750,84.9305,23.2411,9753.6,False,223.45,290.06,-0.33,,10226.04,317.0,False,0
44007c,AUA8    ,Austria,1775073923.0,1775073923,80.8302,25.5704,10363.2,False,228.94,307.51,0.0,,10797.54,6133.0,False,0
461f4e,FIN141  ,Finland,1775071747.0,1775071747,84.5065,24.7761,11887.2,False,255.92,160.87,-0.33,,12352.02,6033.0,False,0
461f4e,FIN141  ,Finland,1775074025.0,1775074025,88.9965,21.0791,11887.2,False,268.87,129.72,-0.33,,12473.94,6033.0,False,0
461f4e,FIN141  ,Finland,1775074079.0,1775074079,89.104,20.9952,11887.2,False,268.87,129.72,0.0,,12473.94,6033.0,False,0
48455e,KLM836  ,Kingdom of the Netherlands,1775073989.0,1775074025,88.4765,17.6634,34046.16,False,251.37,315.41,0.0,,34533.84,,False,0
48455e,KLM836  ,Kingdom of the Netherlands,1775074074.0,1775074074,88.3357,17.8002,9144.0,False,251.37,315.41,0.0,,9631.68,2261.0,False,0
485e2d,KLM871  ,Kingdom of the Netherlands,1775071749.0,1775071749,74.4605,31.3663,11887.2,False,266.61,102.48,0.0,,12214.86,,False,0
485e2d,KLM871  ,Kingdom of the Netherlands,1775074025.0,1775074025,76.9988,28.565,640.08,False,87.84,103.55,-5.2,,601.98,,False,0
485e2d,KLM871  ,Kingdom of the Netherlands,1775074079.0,1775074079,77.0426,28.5556,426.72,False,79.98,103.77,-4.55,,365.76,,False,0
49d26c,SEJ193  ,Czech Republic,1775071754.0,1775071754,78.0966,28.475,5989.32,False,178.32,295.83,-8.45,,6225.54,2656.0,False,0
49d276,SEJ461  ,Czech Republic,1775071753.0,1775071753,73.5259,18.2825,10668.0,False,231.86,157.7,0.0,,11201.4,,False,0
49d276,SEJ461  ,Czech Republic,1775074025.0,1775074025,76.7023,14.6415,9471.66,False,226.36,147.72,-10.4,,9982.2,,False,0
49d276,SEJ461  ,Czech Republic,1775074078.0,1775074079,76.7618,14.5502,8907.78,False,221.78,147.6,-9.43,,9380.22,,False,0
4b1880,,Switzerland,1775071754.0,1775071754,72.8232,19.0883,548.64,False,86.95,269.32,12.68,,-45.72,,False,0
4ba945,THY85   ,Turkey,1775071753.0,1775071753,82.8416,26.5022,9753.6,False,223.52,293.32,0.0,,10157.46,2743.0,False,0
4ba945,THY85   ,Turkey,1775074025.0,1775074025,77.9879,28.2956,9753.6,False,231.37,291.66,0.0,,10126.98,2743.0,False,0
4ba945,THY85   ,Turkey,1775074079.0,1775074079,77.8698,28.3372,9753.6,False,231.37,291.66,0.0,,10119.36,2743.0,False,0
4ba94d,THY71   ,Turkey,1775071754.0,1775071754,81.75,26.8471,9144.0,False,232.94,294.81,0.0,,9517.38,5327.0,False,0
4ba94d,THY71   ,Turkey,1775074026.0,1775074026,76.7426,28.6884,9144.0,False,241.05,298.7,0.0,,9486.9,5327.0,False,0
4ba94d,THY71   ,Turkey,1775074079.0,1775074080,76.6258,28.7449,9144.0,False,242.44,298.79,0.0,,9479.28,5327.0,False,0
4ba956,THY73   ,Turkey,1775071631.0,1775071636,85.6345,25.4957,9144.0,False,228.52,281.03,0.0,,9540.24,3103.0,False,0
4ba956,THY73   ,Turkey,1775073931.0,1775073931,80.7125,27.3053,9144.0,False,235.89,292.71,0.0,,9525.0,3103.0,False,0
4bb0e1,THY58   ,Turkey,1775071754.0,1775071754,82.6268,25.6605,11887.2,False,271.39,134.23,0.0,,12352.02,,False,0
4bb0e1,THY58   ,Turkey,1775074025.0,1775074025,88.2051,22.8155,11887.2,False,282.26,121.66,0.33,,12435.84,5151.0,False,0
4bb0e1,THY58   ,Turkey,1775074078.0,1775074078,88.3282,22.7451,11887.2,False,282.26,121.66,0.0,,12435.84,5151.0,False,0
4bb0e2,THY067  ,Turkey,1775071754.0,1775071754,82.406,25.7602,11582.4,False,219.16,306.6,0.0,,12047.22,4137.0,False,0
4bb0e2,THY067  ,Turkey,1775074025.0,1775074025,78.6269,28.9119,11582.4,False,231.06,316.35,0.0,,11963.4,4137.0,False,0
4bb0e2,THY067  ,Turkey,1775074079.0,1775074079,78.5385,28.9932,11582.4,False,231.41,316.26,0.0,,11963.4,4137.0,False,0
4bb0e8,THY174  ,Turkey,1775074025.0,1775074025,86.9619,18.2718,11887.2,False,260.55,128.75,0.0,,12481.56,743.0,False,0
4bb0e8,THY174  ,Turkey,1775074078.0,1775074078,87.0645,18.1928,11887.2,False,261.6,128.85,-0.33,,12481.56,743.0,False,0
4bb0ec,THY163  ,Turkey,1775071754.0,1775071754,80.9496,26.7361,10972.8,False,219.38,299.81,0.33,,11353.8,5663.0,False,0
4bb0ec,THY163  ,Turkey,1775074025.0,1775074025,77.2804,30.2572,10972.8,False,246.87,333.11,0.0,,11292.84,5663.0,False,0
4bb0ec,THY163  ,Turkey,1775074079.0,1775074079,77.2084,30.3588,10972.8,False,242.31,322.77,0.0,,11292.84,5663.0,False,0
4bb0f3,THY45M  ,Turkey,1775071754.0,1775071754,74.3731,26.4629,11887.2,False,275.33,118.58,0.0,,12275.82,,False,0
4bb0f9,THY69   ,Turkey,1775071754.0,1775071754,80.0127,27.5798,10972.8,False,231.2,317.43,0.0,,11361.42,726.0,False,0
4bb0f9,THY69   ,Turkey,1775074025.0,1775074025,75.8154,30.582,11544.3,False,225.28,305.61,5.2,,11864.34,726.0,False,0
4bb0f9,THY69   ,Turkey,1775074033.0,1775074076,75.8014,30.5907,11567.16,False,224.86,305.69,1.95,,11887.2,726.0,False,0
4bb0fa,THY39V  ,Turkey,1775071754.0,1775071754,82.6468,24.2965,11582.4,False,217.84,307.71,0.33,,12054.84,2124.0,False,0
4bb0fa,THY39V  ,Turkey,1775074025.0,1775074025,78.7205,27.0716,11582.4,False,227.45,308.3,0.0,,11986.26,,False,0
4bb0fa,THY39V  ,Turkey,1775074079.0,1775074079,78.6232,27.1403,11582.4,False,227.86,308.22,0.0,,11978.64,,False,0
4bb104,THY057  ,Turkey,1775071754.0,1775071754,82.3184,24.5287,10972.8,False,232.14,307.71,-0.33,,11414.76,2363.0,False,0
4bb104,THY057  ,Turkey,1775074025.0,1775074025,78.2442,27.4061,11254.74,False,230.2,307.92,1.3,,11635.74,,False,0
4bb104,THY057  ,Turkey,1775074079.0,1775074079,78.1455,27.4747,11369.04,False,231.96,308.06,3.9,,11750.04,,False,0
4bb184,THY124  ,Turkey,1775071753.0,1775071754,86.8842,25.1495,11887.2,False,294.81,113.88,0.33,,12382.5,5131.0,False,0
4bb184,THY124  ,Turkey,1775073915.0,1775073935,92.8621,23.5637,11887.2,False,295.31,101.25,-0.33,,12451.08,5131.0,False,0
4bb187,THY298  ,Turkey,1775071754.0,1775071754,84.1018,26.2678,11269.98,False,282.63,112.92,0.33,,11719.56,5113.0,False,0
4bb187,THY298  ,Turkey,1775074026.0,1775074026,90.2251,24.109,11269.98,False,298.37,103.05,0.33,,11772.9,5113.0,False,0
4bb187,THY298  ,Turkey,1775074079.0,1775074079,90.3763,24.0768,11277.6,False,297.87,103.08,-0.33,,11780.52,5113.0,False,0
4bb18a,THY55   ,Turkey,1775071754.0,1775071754,84.6642,22.6765,10972.8,False,225.28,313.24,0.0,,11498.58,152.0,False,0
4bb18a,THY55   ,Turkey,1775073992.0,1775073998,81.1178,25.5673,10972.8,False,220.67,297.64,-0.65,,11430.0,152.0,False,0
4bb18a,THY55   ,Turkey,1775074080.0,1775074080,80.9463,25.6476,10972.8,False,222.26,297.28,0.0,,11430.0,152.0,False,0
4bb18e,THY25   ,Turkey,1775071754.0,1775071754,82.2471,25.8667,10965.18,False,215.56,306.46,-0.33,,11422.38,2610.0,False,0
4bb18e,THY25   ,Turkey,1775074025.0,1775074025,77.9794,28.2811,10965.18,False,221.56,276.4,0.33,,11369.04,2610.0,False,0
4bb18e,THY25   ,Turkey,1775074079.0,1775074079,77.861,28.3049,10965.18,False,226.3,288.97,-0.33,,11361.42,2610.0,False,0
4bb1a3,THY208  ,Turkey,1775071747.0,1775071747,74.5567,31.365,11269.98,False,255.39,130.59,-0.33,,11605.26,,False,0
4bb1a3,THY208  ,Turkey,1775074025.0,1775074025,79.5124,28.3182,11277.6,False,266.47,132.81,0.33,,11681.46,,False,0
4bb1a3,THY208  ,Turkey,1775074079.0,1775074079,79.6212,28.2288,11269.98,False,266.82,132.89,0.0,,11673.84,,False,0
4bb1c7,THY173  ,Turkey,1775071673.0,1775071694,77.335,24.6659,10972.8,False,220.67,300.39,0.33,,11422.38,,False,0
4bb1c7,THY173  ,Turkey,1775073761.0,1775073761,73.5352,26.8761,10972.8,False,216.41,298.7,0.0,,11353.8,,False,0
4cac0f,KZR603  ,Ireland,1775073638.0,1775074024,74.5316,31.383,11277.6,False,225.73,140.18,0.0,,11582.4,,False,0
4cacb9,ITY770  ,Ireland,1775071754.0,1775071754,74.8664,31.0725,12496.8,False,250.38,136.67,0.0,,12809.22,,False,0
4cacb9,ITY770  ,Ireland,1775073904.0,1775073909,77.0777,28.5481,251.46,False,71.49,103.74,-0.65,,190.5,,False,0
4cae84,SEJ902  ,Ireland,1775071754.0,1775071754,76.9381,28.2375,2735.58,False,140.55,326.95,-2.93,,2811.78,,False,0
4caf23,KZR964  ,Ireland,1775074025.0,1775074026,77.0878,28.307,2689.86,False,144.25,211.14,12.68,,2750.82,,False,0
4caf23,KZR964  ,Ireland,1775074080.0,1775074080,77.0175,28.2927,3238.5,False,157.55,302.6,4.88,,3337.56,,False,0
4d0113,CLX7623 ,Luxembourg,1775071754.0,1775071754,90.2501,22.446,12496.8,False,288.29,97.18,0.0,,13075.92,3504.0,False,0
4d0113,CLX7623 ,Luxembourg,1775073783.0,1775073900,95.8118,21.683,12496.8,False,282.62,100.59,0.0,,13121.64,3504.0,False,0
4d229d,SEJ448  ,Malta,1775071753.0,1775071754,88.3964,22.5984,1127.76,False,91.67,246.17,5.53,,1097.28,2647.0,False,0
4d229d,SEJ448  ,Malta,1775073752.0,1775073834,84.6045,20.8855,12740.64,False,228.65,237.78,0.0,,9593.58,2647.0,False,0
4d232c,SEJ648  ,Malta,1775071754.0,1775071754,72.8668,18.4201,5737.86,False,201.56,161.7,11.38,,5974.08,,False,0
4d232c,SEJ648  ,Malta,1775073787.0,1775073791,76.1672,15.5428,11277.6,False,242.23,122.07,0.0,,11864.34,,False,0
507c49,UZB534  ,Uzbekistan,1775071754.0,1775071754,82.2568,25.3879,10363.2,False,212.55,318.83,0.33,,10797.54,6140.0,False,0
507c49,UZB534  ,Uzbekistan,1775074025.0,1775074026,78.7778,28.4732,10363.2,False,220.47,319.73,0.0,,10736.58,6140.0,False,0
507c49,UZB534  ,Uzbekistan,1775074079.0,1775074079,78.7023,28.5581,10363.2,False,222.04,322.63,0.0,,10728.96,6140.0,False,0
68322c,VSV5202 ,Kazakhstan,1775074025.0,1775074025,76.0519,29.6533,10675.62,False,234.43,146.28,0.0,,10995.66,,False,0
68322c,VSV5202 ,Kazakhstan,1775074031.0,1775074077,76.06,29.6428,10675.62,False,234.0,146.21,0.0,,10995.66,,False,0
70203e,BBC339  ,Bangladesh,1775074076.0,1775074078,90.4005,23.84,60.96,False,87.26,143.87,0.98,,-38.1,4706.0,False,0
704020,MMA391  ,Myanmar,1775071754.0,1775071755,99.7589,14.3899,8404.86,False,225.76,308.8,6.5,,8923.02,,False,0
70612e,JZR3406 ,Kuwait,1775074025.0,1775074025,75.9463,10.8164,6111.24,False,191.88,333.92,9.43,,6347.46,,False,0
70612e,JZR3406 ,Kuwait,1775074078.0,1775074078,75.9057,10.8988,6606.54,False,189.36,334.06,8.45,,6736.08,,False,0
706131,JZR3432 ,Kuwait,1775071753.0,1775071753,75.9203,13.9665,9052.56,False,234.28,287.64,4.55,,9403.08,,False,0
706131,JZR3432 ,Kuwait,1775073725.0,1775073725,72.2401,15.8007,10363.2,False,223.45,297.86,0.0,,10896.6,,False,0
70aa79,HIM765  ,Nepal,1775071754.0,1775071754,73.0878,28.5221,10363.2,False,209.14,267.04,0.0,,10721.34,,False,0
7100b4,SVA883  ,Saudi Arabia,1775071754.0,1775071754,83.848,22.9866,10965.18,False,209.74,273.37,0.0,,11490.96,3130.0,False,0
7100c3,SVA816  ,Saudi Arabia,1775071753.0,1775071754,78.498,12.5836,10058.4,False,266.57,114.64,0.0,,10614.66,,False,0
710102,SVA978  ,Saudi Arabia,1775071450.0,1775071450,95.5646,22.7397,12496.8,False,288.35,82.72,0.0,,13091.16,4524.0,False,0
7103d6,SVA871  ,Saudi Arabia,1775073819.0,1775073835,87.3214,16.697,10965.18,False,237.19,283.67,-0.33,,11574.78,6521.0,False,0
75020a,MAS109  ,Malaysia,1775071754.0,1775071754,77.4873,9.7766,7757.16,False,236.09,106.07,5.53,,8100.06,,False,0
75021f,MAS193  ,Malaysia,1775074023.0,1775074023,79.5804,12.9715,8862.06,False,253.75,94.07,6.18,,9197.34,,False,0
75021f,MAS193  ,Malaysia,1775074073.0,1775074076,79.6971,12.9633,9090.66,False,255.8,94.04,3.9,,9570.72,,False,0
750260,MAS191  ,Malaysia,1775071754.0,1775071754,85.4876,20.2093,11155.68,False,262.04,130.38,4.23,,11734.8,535.0,False,0
7502c4,MXD132  ,Malaysia,1775071753.0,1775071754,85.8718,20.1866,10058.4,False,260.48,135.8,0.0,,10591.8,4527.0,False,0
7502cd,XAX605  ,Malaysia,1775074025.0,1775074025,75.8586,26.7368,11277.6,False,238.94,155.31,0.0,,11696.7,,False,0
7502cd,XAX605  ,Malaysia,1775074079.0,1775074079,75.9119,26.6309,11277.6,False,238.77,155.7,0.33,,11704.32,,False,0
7502da,MXD164  ,Malaysia,1775071754.0,1775071754,96.9786,16.4426,10972.8,False,237.89,333.27,0.0,,11620.5,,False,0
7503c2,MXD161  ,Malaysia,1775073939.0,1775073940,92.4528,21.5619,9448.8,False,255.16,137.04,0.0,,9928.86,4762.0,False,0
750400,MXD232  ,Malaysia,1775074074.0,1775074075,79.086,9.3239,10668.0,False,236.03,106.46,0.0,,11262.36,,False,0
750422,MXD206  ,Malaysia,1775071754.0,1775071754,85.9443,21.9017,11277.6,False,250.19,141.76,-0.33,,11833.86,577.0,False,0
750422,MXD206  ,Malaysia,1775074023.0,1775074023,89.5919,18.3149,11277.6,False,225.9,134.72,0.0,,11887.2,577.0,False,0
750422,MXD206  ,Malaysia,1775074055.0,1775074055,89.6401,18.2693,11277.6,False,224.81,134.81,-0.33,,11894.82,577.0,False,0
75044a,MAS20   ,Malaysia,1775071753.0,1775071753,87.5027,18.6103,10972.8,False,242.29,315.69,0.0,,11551.92,2161.0,False,0
75044a,MAS20   ,Malaysia,1775073678.0,1775073928,84.0601,21.0007,11582.4,False,227.27,300.92,0.0,,11727.18,2161.0,False,0
75044c,MAS2    ,Malaysia,1775074021.0,1775074024,77.0355,24.8288,11582.4,False,231.42,300.9,0.0,,12039.6,,False,0
75044c,MAS2    ,Malaysia,1775074079.0,1775074079,76.9229,24.8901,11582.4,False,231.86,300.83,0.0,,12039.6,,False,0
75044d,MAS3    ,Malaysia,1775071754.0,1775071754,87.2909,20.3923,12496.8,False,264.26,132.95,0.0,,13098.78,4650.0,False,0
750458,AXM8    ,Malaysia,1775071754.0,1775071754,78.659,7.7605,9867.9,False,240.22,106.81,3.9,,10424.16,,False,0
750553,MAS119  ,Malaysia,1775074024.0,1775074024,79.1262,25.8932,10668.0,False,237.0,146.69,0.0,,11094.72,,False,0
75056b,MXD216  ,Malaysia,1775071753.0,1775071753,75.6192,19.6784,10058.4,False,261.96,96.43,0.0,,10553.7,,False,0
750584,AXM70   ,Malaysia,1775071715.0,1775071715,98.4757,13.5872,10058.4,False,236.29,152.93,0.0,,10690.86,,False,0
750585,AXM93   ,Malaysia,1775071754.0,1775071754,80.0225,27.1158,10058.4,False,255.33,114.4,0.0,,10469.88,,False,0
750585,AXM93   ,Malaysia,1775073799.0,1775073803,83.6155,23.9577,10058.4,False,249.56,135.67,-0.33,,10530.84,514.0,False,0
750585,AXM93   ,Malaysia,1775074078.0,1775074078,84.0916,23.5049,10066.02,False,253.21,135.82,-0.33,,10546.08,514.0,False,0
75059a,XAX183  ,Malaysia,1775073755.0,1775073789,85.1853,17.2904,11277.6,False,242.0,136.64,0.33,,11887.2,,False,0
7584a9,CEB740  ,Philippines,1775071754.0,1775071754,95.1361,14.8502,10972.8,False,240.82,283.59,0.0,,11612.88,,False,0
7584a9,CEB740  ,Philippines,1775071929.0,1775074023,94.7609,14.9388,10972.8,False,239.07,283.44,0.0,,11590.02,2620.0,False,0
76b447,SIA537  ,Singapore,1775073877.0,1775073877,77.6941,9.7365,7886.7,False,219.13,106.22,4.23,,8252.46,,False,0
76cd42,SIA9401 ,Singapore,1775071754.0,1775071754,96.2167,15.0829,12496.8,False,243.46,136.63,0.0,,13167.36,4634.0,False,0
76cd42,SIA9401 ,Singapore,1775073972.0,1775074005,99.5753,11.4914,12496.8,False,243.79,155.44,0.0,,13182.6,,False,0
76cd43,SIA324  ,Singapore,1775073989.0,1775074007,85.215,18.5527,10363.2,False,243.0,314.66,0.0,,10896.6,2272.0,False,0
76cd43,SIA324  ,Singapore,1775074061.0,1775074078,85.0982,18.6624,10363.2,False,243.37,314.57,0.0,,10896.6,2272.0,False,0
76cd44,SIA352  ,Singapore,1775073593.0,1775073836,83.9266,19.6932,11887.2,False,239.74,314.22,0.33,,12435.84,162.0,False,0
76cd45,SIA377  ,Singapore,1775074025.0,1775074025,86.3234,19.7507,11887.2,False,259.73,135.0,0.0,,12489.18,414.0,False,0
76cd45,SIA377  ,Singapore,1775074073.0,1775074076,86.4058,19.6723,11887.2,False,261.19,135.16,0.0,,12489.18,414.0,False,0
76cd49,SIA304  ,Singapore,1775074024.0,1775074026,85.5651,18.2262,10972.8,False,239.0,314.74,0.0,,11536.68,146.0,False,0
76cd49,SIA304  ,Singapore,1775074060.0,1775074060,85.5079,18.2803,10972.8,False,238.64,314.65,0.0,,11536.68,146.0,False,0
76cd74,SIA322  ,Singapore,1775074025.0,1775074025,75.5615,25.7988,10363.2,False,233.66,306.95,0.0,,10751.82,,False,0
76cd74,SIA322  ,Singapore,1775074079.0,1775074079,75.4631,25.8656,10363.2,False,232.22,306.9,0.0,,10751.82,,False,0
76cd75,SIA317  ,Singapore,1775071754.0,1775071754,86.5798,23.731,11887.2,False,286.21,121.18,0.0,,12397.74,4652.0,False,0
76cd75,SIA317  ,Singapore,1775074021.0,1775074025,91.6451,20.6453,11887.2,False,263.55,124.34,0.0,,12481.56,4652.0,False,0
76cd75,SIA317  ,Singapore,1775074077.0,1775074078,91.7622,20.5698,11887.2,False,263.84,124.43,0.0,,12481.56,4652.0,False,0
76cda2,SIA9303 ,Singapore,1775071752.0,1775071754,85.1273,20.5754,12496.8,False,264.28,131.29,0.33,,13083.54,4554.0,False,0
76cdac,SIA378  ,Singapore,1775071754.0,1775071754,85.9733,21.5426,10972.8,False,234.03,313.13,0.0,,11521.44,161.0,False,0
76cdac,SIA378  ,Singapore,1775074025.0,1775074025,82.2652,24.5665,11582.4,False,220.82,307.62,0.0,,12070.08,161.0,False,0
76cdac,SIA378  ,Singapore,1775074079.0,1775074079,82.1716,24.6324,11582.4,False,221.95,307.56,0.33,,12070.08,161.0,False,0
76cdaf,SIA312  ,Singapore,1775071749.0,1775071749,87.8272,18.2921,10363.2,False,242.27,315.17,0.0,,10927.08,111.0,False,0
76cdaf,SIA312  ,Singapore,1775074026.0,1775074026,84.0676,21.6098,11582.4,False,230.21,309.56,0.33,,12146.28,111.0,False,0
76cdaf,SIA312  ,Singapore,1775074078.0,1775074078,83.9776,21.6791,11582.4,False,230.68,309.3,0.0,,12138.66,111.0,False,0
76cdb2,SIA328  ,Singapore,1775071742.0,1775071742,85.8268,17.9812,10972.8,False,239.72,314.74,0.0,,11559.54,2232.0,False,0
76cdb6,SIA301  ,Singapore,1775071744.0,1775071744,88.9159,18.9275,12496.8,False,263.01,134.76,0.0,,13022.58,4617.0,False,0
76cdc2,SIA305  ,Singapore,1775071633.0,1775071641,93.156,19.6466,10668.0,False,277.91,125.28,0.0,,11262.36,4611.0,False,0
76cdc2,SIA305  ,Singapore,1775073992.0,1775073994,97.1329,15.551,10668.0,False,259.01,144.13,0.0,,11300.46,4611.0,False,0
76cee2,SIA26   ,Singapore,1775071735.0,1775071744,86.5543,19.5299,9144.0,False,245.18,315.34,0.0,,9639.3,145.0,False,0
76ceeb,SIA25   ,Singapore,1775071754.0,1775071754,87.6109,18.2828,10668.0,False,267.67,132.27,0.0,,11262.36,7660.0,False,0
76ceed,SIA336  ,Singapore,1775074021.0,1775074023,87.0362,19.0645,9144.0,False,243.37,315.6,0.0,,9624.06,137.0,False,0
76ceed,SIA336  ,Singapore,1775074078.0,1775074078,86.9444,19.1531,9144.0,False,243.0,314.83,0.0,,9616.44,137.0,False,0
77044c,ALK191  ,Sri Lanka,1775074019.0,1775074019,79.5944,12.7002,10972.8,False,239.78,349.99,0.0,,11567.16,,False,0
77044c,ALK191  ,Sri Lanka,1775074080.0,1775074080,79.5712,12.8295,10972.8,False,239.78,349.99,0.0,,11567.16,,False,0
770454,ALK173  ,Sri Lanka,1775073991.0,1775073991,78.8706,10.3549,10972.8,False,242.37,338.72,0.0,,11574.78,,False,0
770454,ALK173  ,Sri Lanka,1775074077.0,1775074079,78.8009,10.5318,10972.8,False,246.95,338.62,0.98,,11574.78,,False,0
7705c3,ALK141  ,Sri Lanka,1775071515.0,1775071520,75.4131,13.5173,10980.42,False,234.73,324.18,0.0,,11574.78,,False,0
7705c3,ALK141  ,Sri Lanka,1775074025.0,1775074025,73.3064,18.2926,6621.78,False,215.26,339.14,-6.83,,6911.34,,False,0
7705c3,ALK141  ,Sri Lanka,1775074080.0,1775074080,73.2699,18.3858,6355.08,False,193.22,339.59,-5.2,,6637.02,,False,0
77181f,EXV911  ,Sri Lanka,1775071754.0,1775071754,89.5848,23.3406,6492.24,False,236.31,57.17,-6.83,,6804.66,7364.0,False,0
78021a,CPA3244 ,China,1775071749.0,1775071749,94.2469,23.374,12489.18,False,286.72,96.28,0.0,,13022.58,532.0,False,0
780a13,HKC9458 ,China,1775071754.0,1775071754,81.8456,26.5063,11887.2,False,274.9,106.64,0.0,,12397.74,,False,0
780a13,HKC9458 ,China,1775074026.0,1775074026,87.9284,24.7258,11887.2,False,284.15,114.15,0.0,,12443.46,565.0,False,0
780a13,HKC9458 ,China,1775074080.0,1775074080,88.0661,24.6691,11887.2,False,282.7,114.51,0.33,,12443.46,565.0,False,0
780a1c,CPA037  ,China,1775071754.0,1775071754,87.5326,24.8918,10363.2,False,209.77,294.18,0.33,,10820.4,5164.0,False,0
780a1c,CPA037  ,China,1775074024.0,1775074024,82.97,26.4345,10363.2,False,223.87,293.86,0.0,,10797.54,5164.0,False,0
780a2b,CPA698  ,China,1775071754.0,1775071754,92.706,23.5928,10668.0,False,292.89,100.93,0.0,,11163.3,543.0,False,0
780a66,CPA663  ,China,1775071753.0,1775071754,75.6992,19.8837,10363.2,False,216.48,255.83,0.0,,10881.36,,False,0
780a70,CPA040  ,China,1775074026.0,1775074026,83.7428,22.9854,11277.6,False,293.8,71.63,0.0,,11803.38,324.0,False,0
780a70,CPA040  ,China,1775074077.0,1775074078,83.8809,23.028,11277.6,False,293.8,71.63,0.0,,11803.38,324.0,False,0
780a7b,HKC9376 ,China,1775074063.0,1775074079,97.9065,14.6316,11887.2,False,243.41,65.93,0.0,,10927.08,,False,0
780a82,CPA640  ,China,1775071622.0,1775071622,96.5171,23.3405,11277.6,False,281.99,88.64,0.0,,11841.48,2502.0,False,0
780aac,CPA679  ,China,1775071754.0,1775071754,77.4198,28.7692,4716.78,False,155.99,296.23,-1.95,,4869.18,5323.0,False,0
780bab,CES9656 ,China,1775071754.0,1775071754,87.8918,21.4564,10668.0,False,261.23,46.12,0.0,,11209.02,7411.0,False,0
780bab,CES9656 ,China,1775074000.0,1775074002,93.1051,22.4516,11277.6,False,272.01,78.99,0.0,,11841.48,7411.0,False,0
780db1,CSN6038 ,China,1775071690.0,1775071693,93.8473,23.4135,11887.2,False,279.91,96.12,-0.33,,12428.22,4515.0,False,0
781230,CES2052 ,China,1775071733.0,1775071740,70.2115,18.5739,11277.6,False,276.56,78.08,0.0,,11818.62,,False,0
781230,CES2052 ,China,1775073975.0,1775073975,75.7768,20.362,11277.6,False,274.13,72.08,0.0,,11826.24,,False,0
7814b7,CSN3068 ,China,1775071740.0,1775071740,94.7589,23.3214,10660.38,False,281.61,96.4,0.33,,11178.54,2506.0,False,0
781915,CSN6044 ,China,1775071754.0,1775071754,84.2935,22.3999,11887.2,False,289.13,86.53,0.0,,12451.08,1347.0,False,0
781915,CSN6044 ,China,1775074026.0,1775074026,90.638,22.3999,12496.8,False,291.99,97.29,0.0,,13083.54,1347.0,False,0
781915,CSN6044 ,China,1775074079.0,1775074079,90.789,22.3817,12489.18,False,290.97,97.31,0.0,,13075.92,1347.0,False,0
781df2,HYT9130 ,China,1775074025.0,1775074025,85.2024,18.3254,11277.6,False,259.69,40.82,0.0,,11871.96,616.0,False,0
781df2,HYT9130 ,China,1775074078.0,1775074078,85.2873,18.4191,11277.6,False,260.03,40.91,0.0,,11871.96,616.0,False,0
7821a0,CSS161  ,China,1775073779.0,1775073784,94.5115,23.4037,9144.0,False,214.31,273.03,0.0,,9563.1,6003.0,False,0
7822db,CCA426  ,China,1775071754.0,1775071754,91.6243,22.2811,10668.0,False,273.1,96.92,0.0,,11193.78,7373.0,False,0
7c806e,QFA33   ,Australia,1775074026.0,1775074026,74.5101,26.3965,11574.78,False,221.91,298.53,0.33,,11986.26,,False,0
7c806e,QFA33   ,Australia,1775074079.0,1775074079,74.4079,26.4463,11582.4,False,223.27,298.34,-0.33,,11993.88,,False,0
8003f2,AXB2739 ,India,1775074079.0,1775074079,73.7829,18.5816,2026.92,False,121.13,225.17,19.51,,2042.16,,False,0
800446,BDA304  ,India,1775071732.0,1775071732,77.8493,13.4129,3253.74,False,157.05,5.26,5.85,,3246.12,,False,0
8004fb,BDA201  ,India,1775071651.0,1775071651,77.083,28.547,251.46,False,71.99,103.64,-3.58,,198.12,2634.0,False,0
80052d,AIC2NA  ,India,1775074025.0,1775074025,77.6845,13.9647,11285.22,False,220.2,179.2,0.0,,11887.2,,False,0
80052d,AIC2NA  ,India,1775074079.0,1775074079,77.686,13.8591,11285.22,False,218.15,179.19,-0.33,,11887.2,,False,0
800737,AIC312  ,India,1775071754.0,1775071754,78.8098,27.6605,8724.9,False,260.72,115.35,7.15,,9067.8,,False,0
800737,AIC312  ,India,1775073996.0,1775074012,84.7873,25.7128,11887.2,False,296.89,108.59,-0.33,,12352.02,541.0,False,0
800740,AIC309  ,India,1775074025.0,1775074026,85.7044,20.1985,12192.0,False,236.13,311.64,0.0,,12801.6,1313.0,False,0
800740,AIC309  ,India,1775074078.0,1775074078,85.6152,20.2733,12192.0,False,236.13,311.64,-0.33,,12793.98,1313.0,False,0
8007ce,IGO264  ,India,1775071754.0,1775071754,88.2602,21.8714,6057.9,False,194.1,31.12,-8.78,,6370.32,1000.0,False,0
800b05,BDA154  ,India,1775074025.0,1775074025,73.1888,19.0923,1546.86,False,100.57,265.89,-3.58,,1539.24,,False,0
800b05,BDA154  ,India,1775074079.0,1775074079,73.1373,19.0922,1356.36,False,100.85,271.17,-4.23,,1348.74,,False,0
800b82,SEJ759  ,India,1775071754.0,1775071754,86.8118,23.8054,8892.54,False,253.16,93.85,-5.2,,9349.74,562.0,False,0
800c48,AIC2387 ,India,1775071753.0,1775071754,78.9147,25.8788,10972.8,False,211.35,318.35,0.0,,11407.14,,False,0
800c48,AIC2387 ,India,1775074025.0,1775074025,76.7741,28.5683,1493.52,False,103.69,75.34,-2.93,,1501.14,,False,0
800c48,AIC2387 ,India,1775074079.0,1775074079,76.8284,28.5811,1318.26,False,102.83,74.92,-3.58,,1303.02,,False,0
800c4a,AIC2303 ,India,1775071754.0,1775071754,78.4258,28.3343,8046.72,False,198.1,296.03,-5.2,,8366.76,6100.0,False,0
800cc8,AIC2336 ,India,1775071754.0,1775071754,77.7705,28.1404,5791.2,False,216.51,115.77,9.75,,6027.42,,False,0
800cc8,AIC2336 ,India,1775074025.0,1775074025,82.7519,25.4848,10668.0,False,263.2,125.21,0.33,,11140.44,,False,0
800cc8,AIC2336 ,India,1775074080.0,1775074080,82.8682,25.41,10668.0,False,262.06,125.25,0.0,,11140.44,573.0,False,0
800cee,IGO793Y ,India,1775071755.0,1775071755,73.195,19.1884,1988.82,False,109.03,139.02,-4.55,,2034.54,,False,0
800d13,SEJ555  ,India,1775073911.0,1775073912,77.6075,13.2078,1333.5,False,75.12,90.78,-3.9,,1303.02,,False,0
800d1b,SEJ152  ,India,1775071748.0,1775071748,76.8874,25.4055,11277.6,False,216.24,177.68,0.0,,11727.18,,False,0
800d2c,IGO595C ,India,1775071754.0,1775071754,75.9271,19.793,9761.22,False,211.85,233.49,0.0,,10256.52,,False,0
800d40,AIC2377 ,India,1775071754.0,1775071754,79.4265,27.8297,10363.2,False,205.32,303.45,0.0,,10751.82,766.0,False,0
800d7a,SEJ269  ,India,1775071754.0,1775071754,73.9481,18.1636,7627.62,False,228.01,303.87,-4.88,,8107.68,,False,0
800d9a,VTSHG   ,India,1775071754.0,1775071754,87.1464,23.6377,7429.5,False,218.75,122.91,-4.88,,7764.78,241.0,False,0
80139e,AIC6CH  ,India,1775071754.0,1775071754,73.1663,18.9183,2506.98,False,125.87,45.33,-1.95,,2567.94,,False,0
8013d6,AIC2380 ,India,1775071754.0,1775071754,85.8831,22.5547,9441.18,False,245.99,158.53,-0.33,,9906.0,561.0,False,0
8013d6,AIC2380 ,India,1775074026.0,1775074026,89.3725,18.5212,9448.8,False,251.37,134.59,0.33,,9966.96,561.0,False,0
8013d6,AIC2380 ,India,1775074076.0,1775074078,89.4572,18.4417,9448.8,False,251.01,134.5,-0.33,,9966.96,561.0,False,0
8013fb,IGO6121 ,India,1775074025.0,1775074025,77.463,13.2095,2118.36,False,100.54,116.43,-9.75,,2156.46,,False,0
8013fb,IGO6121 ,India,1775074079.0,1775074080,77.5108,13.2086,1828.8,False,91.58,90.64,-1.95,,1821.18,,False,0
8013fe,AIC5SQ  ,India,1775074025.0,1775074025,73.8041,18.6792,3048.0,False,145.81,107.03,0.0,,3139.44,,False,0
8013fe,AIC5SQ  ,India,1775074079.0,1775074079,73.8772,18.6783,3048.0,False,132.78,88.45,0.0,,3139.44,,False,0
801403,AXB1258 ,India,1775074025.0,1775074025,74.1456,18.793,4724.4,False,194.68,64.65,16.26,,4899.66,,False,0
801403,AXB1258 ,India,1775074079.0,1775074079,74.2367,18.8341,5280.66,False,203.66,64.73,12.35,,5509.26,,False,0
80140b,IGO2409 ,India,1775071754.0,1775071754,76.8028,28.5717,822.96,False,100.77,63.96,-0.33,,784.86,,False,0
80141d,AIC5KB  ,India,1775071754.0,1775071754,76.2045,19.7462,10972.8,False,206.48,265.28,0.0,,11529.06,,False,0
80141d,AIC5KB  ,India,1775074024.0,1775074025,72.9168,19.0894,259.08,False,63.28,269.53,-2.93,,175.26,,False,0
80141d,AIC5KB  ,India,1775074076.0,1775074076,72.8856,19.089,99.06,False,64.31,269.54,-3.25,,22.86,,False,0
801427,IGO276P ,India,1775074024.0,1775074024,77.4709,25.7886,9753.6,False,253.0,356.74,0.0,,10180.32,,False,0
801427,IGO276P ,India,1775074079.0,1775074079,77.4622,25.912,9753.6,False,250.23,355.64,0.0,,10180.32,,False,0
801431,IGO1171 ,India,1775074077.0,1775074077,80.2671,12.1443,7101.84,False,215.83,184.92,7.8,,7437.12,,False,0
801439,AIC6DF  ,India,1775071753.0,1775071754,77.2475,26.118,11490.96,False,249.52,0.71,-2.28,,11955.78,,False,0
80145a,AIC5DS  ,India,1775073964.0,1775073964,72.8549,20.0231,8008.62,False,239.86,6.77,5.85,,6797.04,,False,0
8014bb,IGO58AY ,India,1775071754.0,1775071755,76.9243,28.5808,822.96,False,88.34,103.47,0.0,,784.86,,False,0
8014bd,IGO6156 ,India,1775071754.0,1775071754,73.1643,19.0873,1706.88,False,119.41,296.34,-5.53,,1714.5,,False,0
8014ce,IGO271J ,India,1775074025.0,1775074025,73.5616,19.2395,3604.26,False,138.43,210.85,-3.25,,3726.18,,False,0
8014ce,IGO271J ,India,1775074079.0,1775074079,73.527,19.1853,3406.14,False,122.55,211.09,-6.18,,3520.44,,False,0
8014d8,IGO916  ,India,1775073983.0,1775073983,77.5648,15.0731,11574.78,False,222.04,307.37,0.0,,12192.0,,False,0
8014dd,AIC314  ,India,1775071754.0,1775071755,91.2851,23.8806,10066.02,False,281.51,102.13,0.0,,10538.46,564.0,False,0
8014dd,AIC314  ,India,1775073755.0,1775073763,96.6808,23.4394,10058.4,False,274.28,91.4,0.0,,10568.94,564.0,False,0
8014ed,AIC6AK  ,India,1775071754.0,1775071754,77.1624,13.8653,6781.8,False,197.92,156.57,-12.68,,7124.7,,False,0
8014fa,IGO077  ,India,1775074025.0,1775074025,76.1433,14.197,9509.76,False,230.35,308.38,8.45,,10020.3,,False,0
8014fa,IGO077  ,India,1775074080.0,1775074080,76.0537,14.2668,9829.8,False,227.29,308.66,5.85,,10347.96,,False,0
8014fd,AKJ1135 ,India,1775071752.0,1775071753,74.1978,19.796,8382.0,False,237.05,69.28,5.85,,8785.86,,False,0
801508,AKJ861Y ,India,1775074026.0,1775074026,77.6674,13.3226,4061.46,False,151.76,278.19,-13.33,,4221.48,,False,0
801508,AKJ861Y ,India,1775074079.0,1775074080,77.597,13.3315,3634.74,False,134.76,277.02,-6.5,,3756.66,,False,0
801526,AKJ424Q ,India,1775074025.0,1775074025,73.2472,18.9528,2202.18,False,110.73,2.66,-6.83,,2247.9,,False,0
801526,AKJ424Q ,India,1775074079.0,1775074079,73.2498,19.0064,1889.76,False,109.72,2.96,-5.53,,1912.62,,False,0
80152d,IGO1605 ,India,1775073992.0,1775073992,79.8566,12.7811,9144.0,False,254.12,109.02,2.28,,9631.68,,False,0
80152d,IGO1605 ,India,1775074079.0,1775074079,80.0483,12.7161,9502.14,False,253.15,109.1,7.8,,10012.68,,False,0
801552,AIC2383 ,India,1775074025.0,1775074025,78.5875,26.42,9304.02,False,235.94,322.53,-1.95,,9692.64,,False,0
801552,AIC2383 ,India,1775074079.0,1775074079,78.5096,26.5112,9166.86,False,235.44,322.28,-2.6,,9547.86,,False,0
80155f,AIC2361 ,India,1775070872.0,1775071754,96.8766,17.7729,10363.2,False,13.36,15.64,0.0,,9403.08,,False,0
80155f,AIC2361 ,India,1775074025.0,1775074025,91.3191,20.8551,10370.82,False,209.47,304.39,0.0,,10919.46,2763.0,False,0
80155f,AIC2361 ,India,1775074078.0,1775074078,91.2321,20.9108,10370.82,False,208.04,304.32,0.0,,10919.46,2763.0,False,0
80156e,BDA803  ,India,1775074025.0,1775074025,77.8835,13.7642,5402.58,False,187.56,222.22,-10.4,,5631.18,,False,0
80156e,BDA803  ,India,1775074076.0,1775074079,77.8255,13.7023,4884.42,False,178.37,222.9,-10.73,,5082.54,,False,0
80158c,AIC4026 ,India,1775071520.0,1775071521,77.0731,28.5491,266.7,False,73.62,103.74,-4.23,,198.12,,False,0
801595,AXB2762 ,India,1775071754.0,1775071754,72.8725,17.3059,10668.0,False,246.46,1.08,0.33,,11216.64,,False,0
80159c,AIC5RP  ,India,1775071754.0,1775071754,73.1877,19.6278,9677.4,False,247.69,348.62,4.55,,10149.84,,False,0
8015a4,IGO46E  ,India,1775071753.0,1775071753,72.3376,16.573,10965.18,False,221.07,302.36,0.0,,11544.3,,False,0
8015a4,IGO46E  ,India,1775073753.0,1775073753,68.7918,18.6504,10972.8,False,220.48,298.12,0.0,,11490.96,,False,0
8015d3,IGO342H ,India,1775071754.0,1775071754,73.9434,18.2577,6042.66,False,194.27,174.68,14.63,,6309.36,,False,0
8015e3,IGO1057 ,India,1775071754.0,1775071754,95.6073,16.3947,11269.98,False,239.97,117.17,0.0,,11940.54,,False,0
801612,AIC105  ,India,1775071751.0,1775071752,75.5381,26.2241,10607.04,False,223.7,220.43,1.63,,11003.28,,False,0
80161a,IGO746  ,India,1775073906.0,1775073989,75.4334,19.3215,8823.96,False,201.43,241.47,-10.73,,9212.58,,False,0
80161a,IGO746  ,India,1775074079.0,1775074079,75.1597,19.1502,7010.4,False,190.65,223.91,-9.43,,7338.06,,False,0
801623,AXB2069 ,India,1775073715.0,1775073806,77.5475,13.2083,1653.54,False,72.02,90.41,-3.25,,1615.44,,False,0
801632,AKJ1985 ,India,1775071754.0,1775071754,77.4214,13.2589,2202.18,False,130.12,158.91,-6.83,,2232.66,,False,0
80164f,AIC4FB  ,India,1775071752.0,1775071752,85.2591,24.2174,9144.0,False,212.74,300.04,0.0,,9563.1,2645.0,False,0
80164f,AIC4FB  ,India,1775074025.0,1775074025,81.234,26.5653,9151.62,False,220.91,302.54,0.33,,9532.62,2645.0,False,0
80164f,AIC4FB  ,India,1775074079.0,1775074079,81.1337,26.6226,9159.24,False,220.64,302.43,0.0,,9540.24,2645.0,False,0
801659,AIC161  ,India,1775074010.0,1775074010,75.0991,25.8808,10972.8,False,218.02,221.17,0.0,,11369.04,,False,0
801659,AIC161  ,India,1775074079.0,1775074079,75.001,25.779,10972.8,False,219.47,221.2,0.0,,11376.66,,False,0
80165a,AIC4KB  ,India,1775074025.0,1775074025,77.2667,26.6908,10393.68,False,241.79,0.0,-7.48,,10805.16,,False,0
80165a,AIC4KB  ,India,1775074076.0,1775074079,77.2668,26.8016,9989.82,False,240.25,0.0,-7.48,,10378.44,,False,0
801662,IGO207W ,India,1775071753.0,1775071753,76.7591,28.4917,1249.68,False,110.05,284.62,-3.58,,1242.06,,False,0
801665,AIC162  ,India,1775074026.0,1775074026,76.621,28.6404,1623.06,False,109.19,79.96,-5.85,,1630.68,,False,0
801665,AIC162  ,India,1775074079.0,1775074080,76.6795,28.6327,1333.5,False,106.81,103.37,-5.53,,1318.26,,False,0
801669,IGO6436 ,India,1775071754.0,1775071754,77.3558,27.3677,4312.92,False,193.85,352.99,-4.88,,4465.32,,False,0
801672,AIC5QZ  ,India,1775074025.0,1775074025,76.7197,25.2933,10660.38,False,213.65,182.21,-0.65,,11109.96,,False,0
801672,AIC5QZ  ,India,1775074078.0,1775074079,76.7149,25.1928,10660.38,False,215.26,182.6,0.33,,11102.34,,False,0
801674,,India,1775071753.0,1775071753,74.8292,25.7305,11285.22,False,257.1,23.59,0.0,,11727.18,,False,0
801674,AIC4EU  ,India,1775074025.0,1775074025,77.0755,28.5485,259.08,False,64.51,103.37,-2.6,,198.12,,False,0
801674,AIC4EU  ,India,1775074029.0,1775074034,77.0781,28.548,251.46,False,61.01,104.15,0.0,,182.88,,False,0
801681,AXB1121 ,India,1775071754.0,1775071754,87.2438,26.1642,9753.6,False,200.04,276.94,0.33,,10142.22,470.0,False,0
801686,AXB712  ,India,1775071711.0,1775071711,72.585,16.4945,10058.4,False,242.01,129.31,0.33,,10576.56,,False,0
801697,AXB2681 ,India,1775074026.0,1775074026,77.3579,13.2459,2042.16,False,105.72,171.04,-0.98,,2057.4,,False,0
801697,AXB2681 ,India,1775074080.0,1775074080,77.3955,13.2139,1958.34,False,101.93,117.34,-0.98,,1965.96,,False,0
80169d,IGO154E ,India,1775071754.0,1775071754,77.2181,26.0691,9753.6,False,240.9,358.04,-0.98,,10165.08,,False,0
8016af,AXB2660 ,India,1775071752.0,1775071754,74.0573,17.8333,7383.78,False,203.88,157.45,9.43,,7734.3,,False,0
8016af,AXB2660 ,India,1775074076.0,1775074076,77.5845,14.6496,12496.8,False,234.6,121.46,-0.33,,13121.64,,False,0
8016b6,VTJSJ   ,India,1775071753.0,1775071753,75.0803,20.1,12085.32,False,287.58,69.04,8.45,,12618.72,,False,0
8016ba,IGO1612 ,India,1775071754.0,1775071754,77.8227,26.9132,8671.56,False,218.52,324.78,-5.2,,9022.08,,False,0
8016d2,IGO651H ,India,1775074026.0,1775074026,77.4877,13.3718,3832.86,False,120.47,229.85,-6.18,,3962.4,,False,0
8016d2,IGO651H ,India,1775074080.0,1775074080,77.441,13.3329,3329.94,False,124.62,230.53,-8.45,,3436.62,,False,0
8016d3,IGO119  ,India,1775071751.0,1775071751,73.8007,18.5956,2209.8,False,116.88,306.77,12.03,,2255.52,,False,0
8016de,IGO337  ,India,1775074079.0,1775074079,75.8703,17.9543,10972.8,False,213.77,288.96,0.0,,11559.54,,False,0
80171b,IGO527Y ,India,1775074025.0,1775074025,75.5712,27.3057,8724.9,False,252.7,25.05,-4.23,,9060.18,,False,0
80171b,IGO527Y ,India,1775074079.0,1775074079,75.631,27.419,8366.76,False,258.42,25.34,-8.78,,8694.42,,False,0
801736,IGO6921 ,India,1775074025.0,1775074025,87.0203,22.9601,6286.5,False,227.58,94.54,-9.43,,6583.68,301.0,False,0
801736,IGO6921 ,India,1775074078.0,1775074078,87.1349,22.9521,5791.2,False,218.23,94.33,-9.1,,6065.52,301.0,False,0
801741,IGO6261 ,India,1775071754.0,1775071754,75.3328,26.1871,9144.0,False,217.64,214.89,0.0,,9532.62,,False,0
801742,IGO5293 ,India,1775074019.0,1775074019,77.1207,14.5419,10363.2,False,235.52,330.13,0.33,,10927.08,,False,0
801742,IGO5293 ,India,1775074078.0,1775074079,77.0676,14.6559,10363.2,False,240.94,341.06,0.0,,10919.46,,False,0
801744,IGO5323 ,India,1775074010.0,1775074013,73.894,17.182,10058.4,False,243.42,133.72,0.0,,10576.56,,False,0
801744,IGO5323 ,India,1775074056.0,1775074056,73.9703,17.1116,10058.4,False,243.78,133.8,0.0,,10584.18,,False,0
801745,IGO1090 ,India,1775071753.0,1775071753,74.7187,19.5894,8763.0,False,231.68,275.86,-5.2,,9227.82,,False,0
80174a,IGO1082 ,India,1775074024.0,1775074025,76.8961,28.4317,1965.96,False,111.13,322.33,-3.9,,1996.44,,False,0
80174a,IGO1082 ,India,1775074079.0,1775074080,76.8582,28.4751,1744.98,False,109.28,322.27,-3.9,,1767.84,,False,0
80174b,IGO322  ,India,1775074017.0,1775074017,73.0402,19.0911,891.54,False,92.09,269.36,-2.28,,853.44,,False,0
80174b,IGO322  ,India,1775074079.0,1775074079,72.9868,19.0904,632.46,False,90.03,269.35,-4.55,,579.12,,False,0
801768,IGO1060 ,India,1775074025.0,1775074025,73.5034,19.1478,3177.54,False,113.72,210.74,-5.2,,3284.22,,False,0
801768,IGO1060 ,India,1775074080.0,1775074080,73.4645,19.1078,2903.22,False,112.32,231.14,-5.53,,2987.04,,False,0
801772,IGO6363 ,India,1775071753.0,1775071753,73.241,18.4827,4008.12,False,169.89,337.01,-2.93,,4160.52,,False,0
801775,IGO6025 ,India,1775074026.0,1775074026,77.2361,26.1422,10363.2,False,237.18,0.75,0.0,,10789.92,,False,0
801775,IGO6025 ,India,1775074079.0,1775074079,77.238,26.2568,10363.2,False,237.18,0.75,0.0,,10789.92,,False,0
80177b,AXB1382 ,India,1775073980.0,1775073980,77.5594,13.2082,1592.58,False,93.63,89.69,-5.53,,1714.5,,False,0
80177b,AXB1382 ,India,1775074058.0,1775074058,77.6171,13.2078,1280.16,False,77.69,90.76,-4.23,,1554.48,,False,0
801785,,India,1775074068.0,1775074068,78.221,14.3749,9646.92,False,218.8,189.06,-5.2,,10530.84,,False,0
801798,IGO240M ,India,1775071712.0,1775071714,77.5339,13.2084,1729.74,False,92.6,90.32,-4.88,,1722.12,,False,0
8017a0,IGO1049 ,India,1775071754.0,1775071754,72.8298,19.3205,3436.62,False,190.37,72.54,10.4,,3459.48,,False,0
8017e4,IGO2369 ,India,1775074021.0,1775074025,77.123,25.7544,11582.4,False,261.25,12.39,-0.33,,12047.22,,False,0
8017e4,IGO2369 ,India,1775074079.0,1775074080,77.1551,25.8883,11582.4,False,257.41,12.23,0.0,,12047.22,,False,0
80180b,IGO374F ,India,1775071754.0,1775071754,88.151,23.0069,1889.76,False,168.99,118.75,-3.9,,1920.24,527.0,False,0
801822,IGO6054 ,India,1775074025.0,1775074025,76.8138,27.401,10325.1,False,215.53,190.45,7.48,,10721.34,,False,0
801822,IGO6054 ,India,1775074079.0,1775074079,76.8048,27.2968,10721.34,False,218.18,178.65,7.48,,11117.58,,False,0
801823,IGO626W ,India,1775071749.0,1775071749,72.8806,19.0889,68.58,False,72.54,269.19,-3.25,,22.86,,False,0
801824,IGO949  ,India,1775071655.0,1775071667,77.6085,13.2078,1325.88,False,70.49,90.84,-3.25,,1287.78,,False,0
801848,AXB235  ,India,1775074026.0,1775074026,70.7255,18.8456,9144.0,False,222.64,273.44,0.0,,9578.34,,False,0
801848,AXB235  ,India,1775074073.0,1775074075,70.6267,18.8513,9144.0,False,223.22,273.7,0.0,,9578.34,,False,0
80184a,VTMIR   ,India,1775074025.0,1775074025,83.7836,25.4579,12496.8,False,288.74,119.81,-0.33,,12954.0,264.0,False,0
80184a,VTMIR   ,India,1775074079.0,1775074079,83.9184,25.3879,12496.8,False,293.59,119.84,0.33,,12946.38,264.0,False,0
801851,IGO461L ,India,1775074026.0,1775074026,76.9003,28.5748,1181.1,False,102.41,91.44,-4.55,,1165.86,,False,0
801851,IGO461L ,India,1775074080.0,1775074080,76.9539,28.5737,922.02,False,92.62,91.27,-4.55,,883.92,,False,0
80185f,IGO192P ,India,1775071754.0,1775071754,77.3448,13.4534,2781.3,False,159.16,156.17,-7.15,,2857.5,,False,0
801864,IGO561K ,India,1775071754.0,1775071754,75.5398,27.3046,9403.08,False,246.4,26.67,-12.03,,9799.32,,False,0
86d59c,JAL749  ,Japan,1775071754.0,1775071754,90.0897,24.1373,12184.38,False,205.29,282.89,-0.33,,12710.16,5040.0,False,0
86d59c,JAL749  ,Japan,1775074025.0,1775074025,85.7297,25.3907,12192.0,False,198.81,289.19,-0.33,,12664.44,5040.0,False,0
86d59c,JAL749  ,Japan,1775074078.0,1775074078,85.6317,25.4218,12184.38,False,198.67,289.51,-0.33,,12649.2,5040.0,False,0
88044a,AIQ121  ,Thailand,1775071754.0,1775071754,88.7352,22.3635,3634.74,False,159.28,155.17,11.38,,3756.66,454.0,False,0
88044a,AIQ121  ,Thailand,1775073991.0,1775074001,92.0193,18.9031,10668.0,False,244.82,128.0,0.0,,11262.36,454.0,False,0
88044a,AIQ121  ,Thailand,1775074059.0,1775074059,92.1418,18.8117,10675.62,False,244.42,128.08,0.0,,11262.36,454.0,False,0
880457,AIQ196  ,Thailand,1775071754.0,1775071754,79.9053,11.8303,10972.8,False,214.39,256.96,0.0,,11681.46,,False,0
880457,AIQ196  ,Thailand,1775074011.0,1775074011,76.4749,10.1542,381.0,False,74.11,268.41,-4.23,,434.34,,False,0
880852,AIQ147  ,Thailand,1775071754.0,1775071754,88.8885,21.1158,10668.0,False,251.55,123.66,0.33,,11216.64,3315.0,False,0
880c47,AIQ131  ,Thailand,1775071743.0,1775071748,84.3242,20.8417,11277.6,False,256.15,112.81,0.0,,11849.1,545.0,False,0
880c47,AIQ131  ,Thailand,1775073872.0,1775073873,89.2265,18.9781,10668.0,False,258.8,111.21,0.0,,11239.5,545.0,False,0
8830f7,TLM242  ,Thailand,1775071754.0,1775071754,88.7966,21.7556,8420.1,False,207.9,335.59,-15.93,,8907.78,731.0,False,0
885106,THA961  ,Thailand,1775071754.0,1775071754,78.14,25.6875,11887.2,False,273.97,118.73,0.0,,12344.4,,False,0
885106,THA961  ,Thailand,1775074024.0,1775074025,83.8994,23.3439,11887.2,False,286.52,115.18,0.0,,12405.36,1163.0,False,0
885106,THA961  ,Thailand,1775074078.0,1775074078,84.0363,23.2845,11887.2,False,289.97,115.2,0.0,,12405.36,716.0,False,0
885108,THA955  ,Thailand,1775071754.0,1775071754,79.6331,26.4209,11277.6,False,282.57,128.64,0.33,,11704.32,,False,0
885108,THA955  ,Thailand,1775074026.0,1775074026,85.1452,23.373,11277.6,False,298.32,120.24,0.0,,11780.52,6021.0,False,0
885108,THA955  ,Thailand,1775074078.0,1775074078,85.2763,23.3023,11285.22,False,295.58,120.31,0.0,,11788.14,6021.0,False,0
88510d,THA960  ,Thailand,1775071754.0,1775071754,88.0357,21.6546,10363.2,False,228.73,304.37,0.0,,10789.92,717.0,False,0
88510d,THA960  ,Thailand,1775073872.0,1775073872,83.866,23.5551,10370.82,False,227.23,294.48,0.0,,10767.06,717.0,False,0
88510e,THA954  ,Thailand,1775071752.0,1775071753,91.9108,18.9832,10972.8,False,240.67,307.53,0.0,,11247.12,716.0,False,0
88510e,THA954  ,Thailand,1775074025.0,1775074025,87.6864,21.5881,10972.8,False,227.36,299.41,0.33,,11437.62,716.0,False,0
88510e,THA954  ,Thailand,1775074078.0,1775074078,87.5856,21.6414,10972.8,False,227.61,299.52,0.0,,11437.62,716.0,False,0
885113,THA925  ,Thailand,1775071754.0,1775071754,79.3037,26.657,12496.8,False,265.05,128.54,0.0,,12938.76,,False,0
885113,THA925  ,Thailand,1775074025.0,1775074025,84.6468,23.6504,12496.8,False,281.22,121.92,0.0,,13007.34,6410.0,False,0
885113,THA925  ,Thailand,1775074077.0,1775074078,84.7662,23.5818,12496.8,False,276.64,122.01,0.0,,13014.96,6410.0,False,0
885116,THA901  ,Thailand,1775074025.0,1775074025,86.747,22.0672,12496.8,False,276.78,116.14,0.0,,13053.06,5150.0,False,0
885116,THA901  ,Thailand,1775074078.0,1775074078,86.8742,22.009,12504.42,False,277.69,116.28,0.33,,13053.06,5150.0,False,0
885119,THA924  ,Thailand,1775074025.0,1775074026,89.1949,20.7592,10972.8,False,230.48,300.0,0.0,,11544.3,6102.0,False,0
885119,THA924  ,Thailand,1775074079.0,1775074079,89.0908,20.8156,10972.8,False,230.03,300.06,0.0,,11536.68,6102.0,False,0
88511a,THA900  ,Thailand,1775071685.0,1775071753,85.2843,22.953,11582.4,False,223.95,294.86,0.0,,12131.04,703.0,False,0
88511a,THA900  ,Thailand,1775073937.0,1775073975,81.1966,25.3149,11582.4,False,227.41,307.65,0.0,,12054.84,703.0,False,0
885156,THA318  ,Thailand,1775074025.0,1775074025,87.9849,19.4421,12496.8,False,266.91,111.72,0.0,,13114.02,310.0,False,0
885156,THA318  ,Thailand,1775074078.0,1775074078,88.1095,19.3951,12496.8,False,266.91,111.72,0.0,,13114.02,310.0,False,0
88516c,THA930  ,Thailand,1775071754.0,1775071754,88.8832,21.1188,9144.0,False,231.0,303.83,0.0,,9608.82,6130.0,False,0
88516c,THA930  ,Thailand,1775074025.0,1775074025,84.2598,23.3869,9144.0,False,237.11,294.62,0.33,,9578.34,3062.0,False,0
88516c,THA930  ,Thailand,1775074078.0,1775074078,84.1491,23.4336,9144.0,False,237.57,294.57,0.0,,9578.34,3062.0,False,0
88516d,THA950  ,Thailand,1775074024.0,1775074025,90.0229,20.3449,9144.0,False,237.06,306.8,0.0,,9616.44,6100.0,False,0
88516d,THA950  ,Thailand,1775074072.0,1775074077,89.9355,20.4061,9144.0,False,236.58,305.8,0.0,,9616.44,6100.0,False,0
88516e,THA971  ,Thailand,1775074026.0,1775074026,85.6634,22.1682,10668.0,False,282.78,117.4,0.0,,11178.54,3062.0,False,0
88516e,THA971  ,Thailand,1775074078.0,1775074078,85.7884,22.1077,10668.0,False,280.72,117.5,-0.33,,11186.16,3062.0,False,0
88516f,THA316  ,Thailand,1775071754.0,1775071754,85.9188,23.1777,11277.6,False,276.83,125.7,0.0,,11811.0,512.0,False,0
88516f,THA316  ,Thailand,1775073952.0,1775073958,90.5326,19.9793,11277.6,False,263.71,127.07,0.0,,11879.58,512.0,False,0
88516f,THA316  ,Thailand,1775074078.0,1775074078,90.7847,19.7988,11277.6,False,263.61,127.23,0.0,,11879.58,512.0,False,0
885176,THA921  ,Thailand,1775074026.0,1775074026,76.4601,26.5075,10668.0,False,268.89,119.7,0.0,,11087.1,,False,0
885176,THA921  ,Thailand,1775074080.0,1775074080,76.5881,26.4424,10668.0,False,271.14,118.32,0.0,,11087.1,,False,0
885177,THA931  ,Thailand,1775071754.0,1775071754,78.9598,26.9024,10668.0,False,263.69,128.35,0.0,,11079.48,,False,0
885177,THA931  ,Thailand,1775074025.0,1775074026,84.1588,23.9759,10668.0,False,278.11,121.69,0.0,,11155.68,673.0,False,0
885177,THA931  ,Thailand,1775074077.0,1775074078,84.2803,23.9072,10668.0,False,278.55,121.64,0.0,,11155.68,310.0,False,0
885178,THA970  ,Thailand,1775074026.0,1775074026,88.5658,21.0884,9753.6,False,224.86,299.61,0.0,,10248.9,706.0,False,0
885178,THA970  ,Thailand,1775074078.0,1775074078,88.4671,21.1411,9753.6,False,224.86,299.61,0.0,,10248.9,706.0,False,0
885179,THA951  ,Thailand,1775074026.0,1775074026,77.2762,28.0751,10668.0,False,264.86,127.58,0.0,,11056.62,,False,0
885179,THA951  ,Thailand,1775074079.0,1775074079,77.3905,27.9968,10668.0,False,264.45,127.65,0.0,,11064.24,,False,0
885221,THA935  ,Thailand,1775071751.0,1775071751,80.1444,26.0498,12489.18,False,264.17,128.83,0.0,,12969.24,,False,0
885221,THA935  ,Thailand,1775074025.0,1775074026,85.435,23.0185,12489.18,False,279.36,120.06,0.0,,13053.06,110.0,False,0
885221,THA935  ,Thailand,1775074078.0,1775074078,85.5587,22.952,12496.8,False,277.58,120.27,-0.33,,13060.68,110.0,False,0
885223,THA934  ,Thailand,1775071754.0,1775071754,88.769,21.1905,10972.8,False,228.86,303.73,-0.33,,11544.3,734.0,False,0
885223,THA934  ,Thailand,1775074024.0,1775074026,84.5028,23.2869,10965.18,False,210.88,294.5,0.0,,11490.96,734.0,False,0
885223,THA934  ,Thailand,1775074078.0,1775074078,84.4023,23.3293,10972.8,False,212.24,294.64,-0.33,,11490.96,734.0,False,0
885282,THA911  ,Thailand,1775071753.0,1775071754,75.7674,29.0874,11277.6,False,264.94,126.87,0.0,,11643.36,,False,0
885282,THA911  ,Thailand,1775073782.0,1775073782,80.115,26.0715,11277.6,False,270.36,128.9,0.0,,11734.8,,False,0
8852e3,THA940  ,Thailand,1775071754.0,1775071754,91.3089,19.4233,10363.2,False,237.07,307.42,0.0,,10942.32,6107.0,False,0
8852e3,THA940  ,Thailand,1775074026.0,1775074026,87.0684,21.8823,10363.2,False,224.8,299.32,-0.33,,10881.36,6107.0,False,0
8852e3,THA940  ,Thailand,1775074078.0,1775074078,86.9695,21.9343,10355.58,False,223.91,299.45,-0.33,,10881.36,6107.0,False,0
8852e4,THA941  ,Thailand,1775071707.0,1775071751,78.7542,25.3842,11277.6,False,274.43,118.68,0.33,,11765.28,,False,0
8852e4,THA941  ,Thailand,1775074025.0,1775074026,84.5857,22.8352,11269.98,False,287.9,113.04,0.0,,11818.62,431.0,False,0
8852e4,THA941  ,Thailand,1775074078.0,1775074078,84.722,22.7813,11269.98,False,287.9,113.04,0.0,,11818.62,431.0,False,0
885307,THA339  ,Thailand,1775071754.0,1775071754,90.3259,23.9343,601.98,False,78.35,145.16,-3.58,,609.6,744.0,False,0
885308,THA310  ,Thailand,1775071754.0,1775071754,89.9957,24.0308,11277.6,False,277.8,118.18,0.33,,11833.86,2510.0,False,0
885308,THA310  ,Thailand,1775073918.0,1775074023,93.5728,20.4229,11277.6,False,246.18,137.71,0.0,,11932.92,2510.0,False,0
885308,THA310  ,Thailand,1775074060.0,1775074061,93.7965,20.1911,11277.6,False,246.18,137.71,-0.33,,11932.92,2510.0,False,0
885310,THA331  ,Thailand,1775071710.0,1775071735,83.9805,24.5846,11582.4,False,200.32,310.52,0.0,,12123.42,6137.0,False,0
885310,THA331  ,Thailand,1775073989.0,1775073995,80.3429,27.1788,11582.4,False,209.53,310.22,-0.33,,12054.84,6137.0,False,0
885310,THA331  ,Thailand,1775074079.0,1775074079,80.1974,27.2886,11574.78,False,209.08,310.51,0.0,,12047.22,6137.0,False,0
885313,THA351  ,Thailand,1775071753.0,1775071753,75.7671,19.4852,11590.02,False,210.03,276.05,0.33,,12237.72,,False,0
885962,TVJ760  ,Thailand,1775071753.0,1775071753,74.3504,19.5516,6484.62,False,181.25,254.19,-5.53,,6819.9,,False,0
885963,TVJ771  ,Thailand,1775074025.0,1775074025,90.5721,20.2106,10058.4,False,255.09,133.45,0.0,,10607.04,423.0,False,0
885963,TVJ771  ,Thailand,1775074071.0,1775074072,90.6531,20.1382,10050.78,False,254.72,133.53,-0.33,,10599.42,423.0,False,0
8880df,HVN36   ,Viet Nam,1775071735.0,1775071735,80.1397,26.2013,11887.2,False,283.6,107.42,-0.33,,12352.02,,False,0
8880df,HVN36   ,Viet Nam,1775074025.0,1775074025,86.2578,24.0202,11887.2,False,291.36,119.28,0.0,,12405.36,7702.0,False,0
8880df,HVN36   ,Viet Nam,1775074078.0,1775074078,86.3883,23.9524,11879.58,False,287.52,119.59,0.65,,12405.36,7702.0,False,0
8880e1,HVN37   ,Viet Nam,1775071731.0,1775071746,83.6931,25.0654,10972.8,False,213.06,297.31,-0.33,,11437.62,7017.0,False,0
8880e1,HVN37   ,Viet Nam,1775074025.0,1775074026,79.5691,27.7262,10965.18,False,219.35,292.48,0.33,,11376.66,7017.0,False,0
8880e1,HVN37   ,Viet Nam,1775074080.0,1775074080,79.4569,27.7674,10965.18,False,219.83,292.42,0.0,,11376.66,7017.0,False,0
8880e2,HVN31   ,Viet Nam,1775071754.0,1775071754,85.6866,22.7642,10363.2,False,225.73,295.51,0.33,,10858.5,5603.0,False,0
8880e2,HVN31   ,Viet Nam,1775073813.0,1775073839,81.6219,23.9984,10965.18,False,219.52,297.65,0.0,,11452.86,5603.0,False,0
8880e4,HVN978  ,Viet Nam,1775071680.0,1775071682,86.1959,16.9624,11887.2,False,261.53,103.65,0.0,,12519.66,315.0,False,0
8880f8,HVN30   ,Viet Nam,1775071754.0,1775071754,84.6098,24.2235,11887.2,False,298.1,112.85,0.0,,12397.74,6427.0,False,0
8880f8,HVN30   ,Viet Nam,1775074025.0,1775074025,90.173,21.5818,11887.2,False,278.8,123.87,-0.33,,12489.18,6427.0,False,0
8880f8,HVN30   ,Viet Nam,1775074078.0,1775074079,90.2895,21.5085,11887.2,False,275.38,123.96,0.0,,12489.18,6427.0,False,0
888129,HVN980  ,Viet Nam,1775071754.0,1775071754,85.924,24.1332,11879.58,False,289.09,124.34,0.0,,12390.12,523.0,False,0
888129,HVN980  ,Viet Nam,1775074025.0,1775074025,91.8169,22.2594,11887.2,False,292.52,96.46,0.0,,12473.94,523.0,False,0
888129,HVN980  ,Viet Nam,1775074078.0,1775074078,91.9661,22.2471,11887.2,False,293.48,94.12,-0.33,,12466.32,523.0,False,0
88812b,HVN39   ,Viet Nam,1775071754.0,1775071754,90.2841,20.1565,10972.8,False,231.81,306.97,0.0,,11559.54,5537.0,False,0
88812b,HVN39   ,Viet Nam,1775074025.0,1775074025,86.1036,22.574,10965.18,False,218.13,295.72,-0.33,,11490.96,5537.0,False,0
88812b,HVN39   ,Viet Nam,1775074078.0,1775074078,86.003,22.6187,10965.18,False,217.44,295.66,-0.33,,11490.96,5537.0,False,0
88812c,HVN984  ,Viet Nam,1775071754.0,1775071754,88.4529,22.1276,10142.22,False,257.57,44.19,6.5,,10629.9,1152.0,False,0
88812c,HVN984  ,Viet Nam,1775073977.0,1775074021,94.1943,21.9624,10668.0,False,276.73,99.85,0.0,,11209.02,422.0,False,0
888138,HVN35   ,Viet Nam,1775071754.0,1775071754,90.3394,22.438,10972.8,False,212.61,277.23,0.0,,11536.68,7024.0,False,0
888138,HVN35   ,Viet Nam,1775074026.0,1775074026,86.0612,24.1541,11582.4,False,209.3,300.09,-0.33,,12009.12,7024.0,False,0
888138,HVN35   ,Viet Nam,1775074078.0,1775074078,85.9683,24.2036,11582.4,False,207.45,300.06,0.0,,12009.12,7024.0,False,0
888139,HVN10   ,Viet Nam,1775070934.0,1775071754,94.0647,19.0367,10972.8,False,252.08,126.87,0.0,,11620.5,7024.0,False,0
888139,HVN10   ,Viet Nam,1775074025.0,1775074025,99.7192,14.6141,12496.8,False,248.26,130.12,0.0,,13167.36,,False,0
888139,HVN10   ,Viet Nam,1775074079.0,1775074079,99.8138,14.5361,12496.8,False,249.26,130.4,0.33,,13159.74,,False,0
888153,HVN18   ,Viet Nam,1775071754.0,1775071754,76.6114,28.5251,12496.8,False,269.78,127.33,0.0,,12877.8,,False,0
888153,HVN18   ,Viet Nam,1775074025.0,1775074025,81.4894,25.2091,12496.8,False,290.94,99.36,0.0,,12976.86,,False,0
888153,HVN18   ,Viet Nam,1775074079.0,1775074079,81.6461,25.2011,12504.42,False,296.21,87.01,-0.33,,12984.48,,False,0
888167,HVN19   ,Viet Nam,1775071754.0,1775071754,88.7698,22.6683,10972.8,False,219.78,300.53,0.0,,11384.28,7054.0,False,0
888167,HVN19   ,Viet Nam,1775073908.0,1775073909,84.8335,24.8146,10972.8,False,220.61,302.91,-0.33,,11376.66,7054.0,False,0
88817d,,Viet Nam,1775074044.0,1775074063,86.3825,16.9188,10668.0,False,253.79,103.84,0.33,,11269.98,640.0,False,0
8881db,VJC896  ,Viet Nam,1775071753.0,1775071754,79.8261,27.148,11887.2,False,270.54,111.88,0.0,,12329.16,,False,0
8881db,VJC896  ,Viet Nam,1775074025.0,1775074025,85.2697,24.5406,11887.2,False,279.8,123.98,-0.65,,12390.12,521.0,False,0
8881db,VJC896  ,Viet Nam,1775074078.0,1775074078,85.3899,24.466,11894.82,False,278.81,124.25,-0.65,,12397.74,521.0,False,0
8940bb,DHX821  ,Bahrain,1775071752.0,1775071754,83.7395,22.9924,11277.6,False,282.37,93.24,0.0,,11788.14,3505.0,False,0
8940bb,DHX821  ,Bahrain,1775074026.0,1775074026,89.9118,22.4853,11285.22,False,282.55,97.11,0.0,,11826.24,3505.0,False,0
8940bb,DHX821  ,Bahrain,1775074079.0,1775074079,90.0578,22.4683,11277.6,False,282.04,97.13,0.0,,11818.62,3505.0,False,0
896121,UAE395  ,United Arab Emirates,1775074025.0,1775074026,92.9929,22.1493,8534.4,False,237.15,279.24,0.0,,8953.5,7052.0,False,0
896121,UAE395  ,United Arab Emirates,1775074077.0,1775074078,92.8747,22.1671,8534.4,False,237.15,279.24,0.0,,8953.5,7052.0,False,0
896189,UAE363  ,United Arab Emirates,1775074023.0,1775074025,94.396,22.6784,10972.8,False,215.12,259.39,0.0,,11513.82,3107.0,False,0
896189,UAE363  ,United Arab Emirates,1775074079.0,1775074079,94.2796,22.6583,10972.8,False,215.12,259.39,0.0,,11513.82,3107.0,False,0
896196,UAE381  ,United Arab Emirates,1775071675.0,1775071694,93.6607,22.133,10972.8,False,221.35,274.4,0.0,,11536.68,,False,0
896196,UAE381  ,United Arab Emirates,1775074025.0,1775074025,88.7869,22.6203,10972.8,False,216.36,280.13,0.0,,11506.2,5335.0,False,0
896196,UAE381  ,United Arab Emirates,1775074076.0,1775074079,88.6811,22.6379,10972.8,False,215.94,280.29,0.33,,11506.2,5335.0,False,0
896218,UAE367  ,United Arab Emirates,1775071754.0,1775071754,90.5646,22.5311,9144.0,False,226.1,272.74,0.0,,9578.34,2614.0,False,0
896218,UAE367  ,United Arab Emirates,1775074025.0,1775074026,85.5489,22.864,9144.0,False,232.88,274.94,0.0,,9585.96,2614.0,False,0
896218,UAE367  ,United Arab Emirates,1775074078.0,1775074078,85.4302,22.8734,9144.0,False,233.86,274.8,0.0,,9578.34,2614.0,False,0
896304,UAE542  ,United Arab Emirates,1775071578.0,1775071578,72.9233,16.6729,10668.0,False,269.16,114.26,0.0,,11224.26,,False,0
896304,UAE542  ,United Arab Emirates,1775074024.0,1775074024,78.3229,14.1417,10668.0,False,262.94,110.74,-0.33,,11254.74,,False,0
896304,UAE542  ,United Arab Emirates,1775074076.0,1775074079,78.4399,14.0968,10424.16,False,255.38,116.05,-9.1,,10995.66,,False,0
89630b,UAE335  ,United Arab Emirates,1775073877.0,1775073877,99.123,14.0311,10363.2,False,257.62,277.92,0.0,,10995.66,,False,0
896315,UAE397  ,United Arab Emirates,1775074023.0,1775074025,73.8132,17.1492,10363.2,False,240.88,300.12,0.0,,10888.98,,False,0
896315,UAE397  ,United Arab Emirates,1775074063.0,1775074079,73.7337,17.1936,10363.2,False,240.18,300.08,0.0,,10888.98,,False,0
89637c,ETD394  ,United Arab Emirates,1775074040.0,1775074042,74.8024,11.4002,10668.0,False,239.74,128.64,0.0,,11269.98,,False,0
896383,ABY587  ,United Arab Emirates,1775071567.0,1775071754,75.3746,10.9536,11277.6,False,225.07,129.62,-0.33,,11902.44,,False,0
896383,ABY587  ,United Arab Emirates,1775073892.0,1775073892,78.9295,7.9588,6103.62,False,210.99,134.6,-11.05,,7147.56,,False,0
89660b,FDB574  ,United Arab Emirates,1775071755.0,1775071755,82.9177,26.1188,9144.0,False,207.75,243.05,0.0,,9525.0,2503.0,False,0
896617,UAE9800 ,United Arab Emirates,1775071754.0,1775071754,87.749,22.722,12496.8,False,284.65,93.94,0.0,,13068.3,6210.0,False,0
896617,UAE9800 ,United Arab Emirates,1775073922.0,1775073922,93.7008,22.5481,12496.8,False,289.06,79.23,0.0,,13075.92,6210.0,False,0
8966ac,ETD6RM  ,United Arab Emirates,1775074025.0,1775074025,70.7985,18.8575,10066.02,False,246.21,122.2,0.0,,10546.08,,False,0
8966ac,ETD6RM  ,United Arab Emirates,1775074080.0,1775074080,70.9059,18.7932,10043.16,False,245.06,122.22,0.0,,10523.22,,False,0
8966bc,ETD1X7  ,United Arab Emirates,1775071515.0,1775071516,70.0468,18.0249,10050.78,False,250.78,116.04,0.0,,10530.84,,False,0
8966ee,UAE9833 ,United Arab Emirates,1775071601.0,1775071601,84.8663,20.1229,9144.0,False,233.37,281.83,0.0,,9608.82,5352.0,False,0
899020,CAL061  ,Taiwan,1775071754.0,1775071754,91.615,22.2827,9753.6,False,215.1,277.01,0.0,,10241.28,2612.0,False,0
899020,CAL061  ,Taiwan,1775074025.0,1775074025,87.0174,23.4868,9753.6,False,226.66,301.16,0.0,,10210.8,2612.0,False,0
899020,CAL061  ,Taiwan,1775074078.0,1775074078,86.9178,23.5426,9753.6,False,226.92,301.28,-0.33,,10210.8,2612.0,False,0
899039,EVA087  ,Taiwan,1775074025.0,1775074026,91.7494,23.7879,9144.0,False,227.16,282.56,0.0,,9563.1,6263.0,False,0
899039,EVA087  ,Taiwan,1775074079.0,1775074079,91.6325,23.8115,9144.0,False,228.56,282.35,0.0,,9563.1,6263.0,False,0
89907d,EVA071  ,Taiwan,1775071737.0,1775071750,95.774,23.4034,10363.2,False,216.68,271.77,0.0,,10881.36,2654.0,False,0
89907d,EVA071  ,Taiwan,1775074025.0,1775074025,91.066,23.9282,10363.2,False,211.5,283.36,0.0,,10828.02,2654.0,False,0
89907d,EVA071  ,Taiwan,1775074079.0,1775074079,90.9578,23.9518,10363.2,False,210.88,283.26,-0.33,,10820.4,2654.0,False,0
89907e,EVA065  ,Taiwan,1775073943.0,1775073949,93.1028,23.5188,10355.58,False,205.31,281.56,-0.33,,10843.26,2636.0,False,0
89907e,EVA065  ,Taiwan,1775074071.0,1775074078,92.8505,23.566,10363.2,False,205.72,281.39,0.0,,10850.88,2636.0,False,0
8990f3,CAL063  ,Taiwan,1775073674.0,1775074020,96.2908,19.5605,10972.8,False,12.45,128.29,0.0,,10012.68,6244.0,False,0
89912c,EVA062  ,Taiwan,1775074024.0,1775074025,74.4959,29.9079,11277.6,False,261.77,126.13,0.0,,11635.74,,False,0
89912c,EVA062  ,Taiwan,1775074079.0,1775074079,74.6157,29.8319,11277.6,False,261.47,126.04,-0.33,,11635.74,,False,0
8a0537,GIA991  ,Indonesia,1775071754.0,1775071754,77.5639,7.8338,10668.0,False,245.52,112.16,0.0,,11262.36,,False,0
8a08b2,LNI115  ,Indonesia,1775071754.0,1775071754,75.9916,11.373,10668.0,False,247.34,119.12,0.0,,11254.74,,False,0
